
INSERT INTO "public"."challenge_completions" ("id", "user_id", "challenge_item_id", "workout_session_id", "status", "started_at", "completed_at", "abandoned_at", "actual_duration", "completed_count", "progress_percent", "difficulty_felt", "enjoyment_rating", "feedback", "badge_earned", "xp_earned", "bonus_rewards", "created_at", "updated_at") VALUES ('cuid_completion_001', '550e8400-e29b-41d4-a716-446655440003', 'cuid_challenge_umbrella', null, 'COMPLETED', '2025-11-19 08:23:14.716272+00', '2025-11-19 08:28:14.716272+00', null, '320', '3', '100', '3', '5', 'Great workout! Really enjoyed using the umbrella for resistance.', 'COMMON', '150', '{"bonusXP": 50, "specialAchievement": "first_umbrella_challenge"}', '2025-11-19 08:23:14.716272+00', '2025-11-19 08:28:14.716272+00'), ('cuid_completion_002', '550e8400-e29b-41d4-a716-446655440003', 'cuid_challenge_book', null, 'COMPLETED', '2025-11-18 10:23:14.716272+00', '2025-11-18 10:27:14.716272+00', null, '240', '3', '100', '2', '4', 'Simple but effective. Good for beginners.', 'COMMON', '120', null, '2025-11-18 10:23:14.716272+00', '2025-11-18 10:27:14.716272+00'), ('cuid_completion_003', '550e8400-e29b-41d4-a716-446655440003', 'cuid_challenge_chair', null, 'COMPLETED', '2025-11-19 07:23:14.716272+00', '2025-11-19 07:27:14.716272+00', null, '240', '3', '100', '1', '5', 'Perfect for office breaks! Highly recommend.', 'COMMON', '140', '{"specialAchievement": "office_warrior"}', '2025-11-19 07:23:14.716272+00', '2025-11-19 07:27:14.716272+00'), ('cuid_completion_004', '550e8400-e29b-41d4-a716-446655440004', 'cuid_challenge_backpack', null, 'COMPLETED', '2025-11-19 05:23:14.716272+00', '2025-11-19 05:28:14.716272+00', null, '1200', '4', '100', '4', '3', 'Challenging but rewarding. Good for travel.', 'FINE', '200', '{"bonusXP": 75, "specialAchievement": "travel_fitness_expert"}', '2025-11-19 05:23:14.716272+00', '2025-11-19 05:28:14.716272+00'), ('cuid_completion_005', '550e8400-e29b-41d4-a716-446655440004', 'cuid_challenge_wall', null, 'COMPLETED', '2025-11-18 08:23:14.716272+00', '2025-11-18 08:38:14.716272+00', null, '900', '4', '100', '3', '4', 'Wall exercises are underrated. Great workout!', 'UNCOMMON', '180', null, '2025-11-18 08:23:14.716272+00', '2025-11-18 08:38:14.716272+00'), ('cuid_completion_006', '550e8400-e29b-41d4-a716-446655440004', 'cuid_challenge_bottle', null, 'COMPLETED', '2025-11-17 10:23:14.716272+00', '2025-11-17 10:38:14.716272+00', null, '900', '3', '100', '2', '4', 'Good hydration reminder too!', 'COMMON', '130', null, '2025-11-17 10:23:14.716272+00', '2025-11-17 10:38:14.716272+00'), ('cuid_completion_007', '550e8400-e29b-41d4-a716-446655440005', 'cuid_challenge_none', null, 'IN_PROGRESS', '2025-11-19 09:53:14.716272+00', null, null, null, '2', '40', null, null, null, null, '0', null, '2025-11-19 09:53:14.716272+00', '2025-11-19 10:23:14.716272+00'), ('cuid_completion_008', '550e8400-e29b-41d4-a716-446655440005', 'cuid_challenge_towel', null, 'COMPLETED', '2025-11-15 10:23:14.716272+00', '2025-11-15 10:35:14.716272+00', null, '720', '3', '100', '2', '5', 'Great for flexibility. Feel much better!', 'UNCOMMON', '160', '{"specialAchievement": "flexibility_master"}', '2025-11-15 10:23:14.716272+00', '2025-11-15 10:35:14.716272+00'), ('cuid_completion_009', '550e8400-e29b-41d4-a716-446655440008', 'cuid_challenge_tree', null, 'COMPLETED', '2025-11-16 10:23:14.716272+00', '2025-11-16 10:48:14.716272+00', null, '1500', '5', '100', '5', '5', 'Amazing outdoor experience! Nature workout is the best.', 'RARE', '300', '{"bonusXP": 100, "specialAchievement": "nature_warrior"}', '2025-11-16 10:23:14.716272+00', '2025-11-16 10:48:14.716272+00'), ('cuid_completion_010', '550e8400-e29b-41d4-a716-446655440008', 'cuid_challenge_stairs', null, 'COMPLETED', '2025-11-12 10:23:14.716272+00', '2025-11-12 10:35:14.716272+00', null, '720', '4', '100', '4', '4', 'High intensity cardio at its best!', 'ELITE', '250', '{"bonusXP": 125, "specialAchievement": "cardio_master"}', '2025-11-12 10:23:14.716272+00', '2025-11-12 10:35:14.716272+00'), ('cuid_completion_011', '550e8400-e29b-41d4-a716-446655440008', 'cuid_challenge_desk', null, 'COMPLETED', '2025-11-14 10:23:14.716272+00', '2025-11-14 10:41:14.716272+00', null, '1080', '4', '100', '3', '5', 'Perfect for busy professionals!', 'FINE', '190', null, '2025-11-14 10:23:14.716272+00', '2025-11-14 10:41:14.716272+00'), ('cuid_completion_012', '550e8400-e29b-41d4-a716-446655440003', 'cuid_challenge_stairs', null, 'ABANDONED', '2025-11-19 04:23:14.716272+00', null, '2025-11-19 04:53:14.716272+00', '1800', '2', '50', '5', '2', 'Too intense for me right now. Will try again later.', null, '0', null, '2025-11-19 04:23:14.716272+00', '2025-11-19 04:53:14.716272+00'), ('cuid_completion_013', '550e8400-e29b-41d4-a716-446655440004', 'cuid_challenge_sofa', null, 'IN_PROGRESS', '2025-11-19 09:23:14.716272+00', null, null, null, '2', '50', null, null, null, null, '0', null, '2025-11-19 09:23:14.716272+00', '2025-11-19 10:23:14.716272+00'), ('cuid_completion_014', '550e8400-e29b-41d4-a716-446655440005', 'cuid_challenge_umbrella', null, 'STARTED', '2025-11-19 10:13:14.716272+00', null, null, null, '0', '0', null, null, null, null, '0', null, '2025-11-19 10:13:14.716272+00', '2025-11-19 10:23:14.716272+00');

INSERT INTO "public"."challenge_items" ("id", "code", "title", "equipment_id", "time_limit", "target_count", "description", "instructions", "is_popular", "trending_score", "is_active", "display_order", "created_at", "updated_at", "icon_url", "image_url") VALUES ('cuid_challenge_backpack', 'backpack_challenge', 'Backpack Adventure Workout', 'cuid_equipment_backpack', '20', '4', 'Use your backpack for a traveling fitness routine', 'Perfect for travelers. Use the backpack weight for full body exercises.', 'false', '0.65', 'true', '5', '2025-11-19 10:01:15.216539+00', '2025-11-19 10:01:15.216539+00', null, null), ('cuid_challenge_book', 'book_challenge', 'Book Balance Challenge', 'cuid_equipment_book', '10', '3', 'Use a book as workout equipment for strength training', 'Hold the book for resistance exercises. Perfect for office or study room workouts.', 'false', '0.72', 'true', '2', '2025-11-19 10:01:15.216539+00', '2025-11-19 10:01:15.216539+00', null, null), ('cuid_challenge_bottle', 'bottle_challenge', 'Water Bottle Strength', 'cuid_equipment_water_bottle', '15', '3', 'Turn your water bottle into a weight for strength training', 'Use filled water bottle as resistance for arm and shoulder exercises.', 'true', '0.76', 'true', '4', '2025-11-19 10:01:15.216539+00', '2025-11-19 10:01:15.216539+00', null, null), ('cuid_challenge_chair', 'chair_challenge', 'Chair Power Workout', 'cuid_equipment_chair', null, '3', 'Transform your chair into a complete fitness station', 'Use the chair for support, resistance, and strength training. Great for office workers.', 'true', '0.89', 'true', '3', '2025-11-19 10:01:15.216539+00', '2025-11-19 10:01:15.216539+00', null, null), ('cuid_challenge_desk', 'desk_challenge', 'Desktop Fitness Revolution', 'cuid_equipment_desk', '18', '4', 'Professional desk-based workout routine', 'Perfect for office workers. Combat sitting all day with active movements.', 'false', '0.67', 'true', '11', '2025-11-19 10:01:15.216539+00', '2025-11-19 10:01:15.216539+00', null, null), ('cuid_challenge_none', 'none_challenge', 'Pure Body Challenge', 'cuid_equipment_none', null, '5', 'Ultimate bodyweight-only fitness challenge', 'No equipment needed. Pure bodyweight mastery. The ultimate minimalist challenge.', 'true', '0.91', 'true', '12', '2025-11-19 10:01:15.216539+00', '2025-11-19 10:01:15.216539+00', null, null), ('cuid_challenge_sofa', 'sofa_challenge', 'Couch Crusher Challenge', 'cuid_equipment_sofa', '25', '4', 'Transform couch time into productive fitness time', 'No more excuses! Turn your sofa into a fitness equipment.', 'false', '0.45', 'true', '10', '2025-11-19 10:01:15.216539+00', '2025-11-19 10:01:15.216539+00', null, null), ('cuid_challenge_stairs', 'stairs_challenge', 'Stair Climbing Power', 'cuid_equipment_stairs', '12', '4', 'High-intensity stair climbing and step exercises', 'Cardio and leg strength focused. Use stairs for explosive movements.', 'true', '0.73', 'true', '8', '2025-11-19 10:01:15.216539+00', '2025-11-19 10:01:15.216539+00', null, null), ('cuid_challenge_towel', 'towel_challenge', 'Towel Flexibility Flow', 'cuid_equipment_towel', null, '3', 'Enhance your flexibility using a simple towel', 'Great for stretching and resistance exercises. Focus on flexibility and mobility.', 'false', '0.58', 'true', '6', '2025-11-19 10:01:15.216539+00', '2025-11-19 10:01:15.216539+00', null, null), ('cuid_challenge_tree', 'tree_challenge', 'Nature Tree Workout', 'cuid_equipment_tree', null, '5', 'Outdoor fitness using tree branches and trunk', 'Connect with nature while building strength. Perfect for park workouts.', 'false', '0.34', 'true', '9', '2025-11-19 10:01:15.216539+00', '2025-11-19 10:01:15.216539+00', null, null), ('cuid_challenge_umbrella', 'umbrella_challenge', 'Umbrella Fitness Challenge', 'cuid_equipment_umbrella', null, '3', 'Complete workouts using an umbrella as your fitness tool', 'Use the umbrella for resistance training and balance exercises. Focus on proper posture and controlled movements.', 'true', '0.85', 'true', '1', '2025-11-19 10:01:15.216539+00', '2025-11-19 10:01:15.216539+00', null, null), ('cuid_challenge_wall', 'wall_challenge', 'Wall Warrior Training', 'cuid_equipment_wall', null, '4', 'Master wall-based exercises for strength and flexibility', 'Use the wall for support, resistance, and handstand preparation.', 'true', '0.82', 'true', '7', '2025-11-19 10:01:15.216539+00', '2025-11-19 10:01:15.216539+00', null, null);

INSERT INTO "public"."scenarios" ("id", "code", "name", "noise_tolerance", "space_requirement", "icon_url", "is_active", "created_at", "updated_at") VALUES ('cuid_scenario_gym', 'gym', 'Gym', 'NORMAL', 'LARGE', 'https://cdn.snaprep.com/icons/gym.svg', 'true', '2025-11-22 10:31:16.346773+00', '2025-11-22 10:31:16.346773+00'), ('cuid_scenario_home', 'home', 'Home Living Room', 'QUIET', 'MEDIUM', 'https://cdn.snaprep.com/icons/home.svg', 'true', '2025-11-22 10:31:16.346773+00', '2025-11-22 10:31:16.346773+00'), ('cuid_scenario_hotel', 'hotel', 'Hotel Room', 'QUIET', 'SMALL', 'https://cdn.snaprep.com/icons/hotel.svg', 'true', '2025-11-22 10:31:16.346773+00', '2025-11-22 10:31:16.346773+00'), ('cuid_scenario_office', 'office', 'Office', 'SILENT', 'SMALL', 'https://cdn.snaprep.com/icons/office.svg', 'true', '2025-11-22 10:31:16.346773+00', '2025-11-22 10:31:16.346773+00'), ('cuid_scenario_park', 'park', 'Outdoor Park', 'NORMAL', 'LARGE', 'https://cdn.snaprep.com/icons/park.svg', 'true', '2025-11-22 10:31:16.346773+00', '2025-11-22 10:31:16.346773+00');

INSERT INTO "public"."equipment" ("id", "code", "name", "category", "recognizable", "recognition_labels", "recognition_confidence", "icon_url", "image_url", "display_order", "is_active", "created_at", "updated_at") VALUES ('cuid_equipment_backpack', 'backpack', '背包', 'BAG', 'true', '{"backpack","rucksack","bag"}', '0.85', 'https://cdn.snaprep.com/icons/backpack.svg', 'https://cdn.snaprep.com/images/backpack.jpg', '10', 'true', '2025-11-19 10:00:55.107804+00', '2025-11-19 10:00:55.107804+00'), ('cuid_equipment_bed', 'bed', '床', 'FURNITURE', 'true', '{"bed","mattress","bedroom"}', '0.85', 'https://cdn.snaprep.com/icons/bed.svg', 'https://cdn.snaprep.com/images/bed.jpg', '5', 'true', '2025-11-19 10:00:55.107804+00', '2025-11-19 10:00:55.107804+00'), ('cuid_equipment_bench', 'bench', '长椅', 'STAIRS', 'true', '{"bench","park bench","seat"}', '0.8', 'https://cdn.snaprep.com/icons/bench.svg', null, '14', 'true', '2025-11-19 10:00:55.107804+00', '2025-11-19 10:00:55.107804+00'), ('cuid_equipment_book', 'book', '书本', 'CREATIVE', 'true', '{"book","textbook","novel"}', '0.8', 'https://cdn.snaprep.com/icons/book.svg', null, '20', 'true', '2025-11-19 10:00:55.107804+00', '2025-11-19 10:00:55.107804+00'), ('cuid_equipment_chair', 'chair', '椅子', 'FURNITURE', 'true', '{"chair","seat","office chair"}', '0.85', 'https://cdn.snaprep.com/icons/chair.svg', 'https://cdn.snaprep.com/images/chair.jpg', '2', 'true', '2025-11-19 10:00:55.107804+00', '2025-11-19 10:00:55.107804+00'), ('cuid_equipment_desk', 'desk', '桌子', 'FURNITURE', 'true', '{"table","desk","workstation"}', '0.75', 'https://cdn.snaprep.com/icons/desk.svg', 'https://cdn.snaprep.com/images/desk.jpg', '4', 'true', '2025-11-19 10:00:55.107804+00', '2025-11-19 10:00:55.107804+00'), ('cuid_equipment_door', 'door', '门框', 'WALL', 'true', '{"door","doorframe","entrance"}', '0.8', 'https://cdn.snaprep.com/icons/door.svg', null, '7', 'true', '2025-11-19 10:00:55.107804+00', '2025-11-19 10:00:55.107804+00'), ('cuid_equipment_handbag', 'handbag', '手提包', 'BAG', 'true', '{"handbag","purse","bag"}', '0.8', 'https://cdn.snaprep.com/icons/handbag.svg', null, '11', 'true', '2025-11-19 10:00:55.107804+00', '2025-11-19 10:00:55.107804+00'), ('cuid_equipment_mop', 'mop', '拖把', 'STICK', 'true', '{"mop","cleaning tool"}', '0.75', 'https://cdn.snaprep.com/icons/mop.svg', null, '17', 'true', '2025-11-19 10:00:55.107804+00', '2025-11-19 10:00:55.107804+00'), ('cuid_equipment_none', 'none', '无器材', 'NONE', 'false', '{}', '0', 'https://cdn.snaprep.com/icons/none.svg', null, '1', 'true', '2025-11-19 10:00:55.107804+00', '2025-11-19 10:00:55.107804+00'), ('cuid_equipment_rock', 'rock', '石头', 'OUTDOOR', 'true', '{"rock","stone","boulder"}', '0.75', 'https://cdn.snaprep.com/icons/rock.svg', null, '19', 'true', '2025-11-19 10:00:55.107804+00', '2025-11-19 10:00:55.107804+00'), ('cuid_equipment_sofa', 'sofa', '沙发', 'FURNITURE', 'true', '{"sofa","couch","sectional"}', '0.8', 'https://cdn.snaprep.com/icons/sofa.svg', 'https://cdn.snaprep.com/images/sofa.jpg', '3', 'true', '2025-11-19 10:00:55.107804+00', '2025-11-19 10:00:55.107804+00'), ('cuid_equipment_stairs', 'stairs', '楼梯', 'STAIRS', 'true', '{"stairs","steps","staircase"}', '0.8', 'https://cdn.snaprep.com/icons/stairs.svg', 'https://cdn.snaprep.com/images/stairs.jpg', '13', 'true', '2025-11-19 10:00:55.107804+00', '2025-11-19 10:00:55.107804+00'), ('cuid_equipment_suitcase', 'suitcase', '行李箱', 'BAG', 'true', '{"suitcase","luggage","travel bag"}', '0.85', 'https://cdn.snaprep.com/icons/suitcase.svg', null, '12', 'true', '2025-11-19 10:00:55.107804+00', '2025-11-19 10:00:55.107804+00'), ('cuid_equipment_towel', 'towel', '毛巾', 'FABRIC', 'true', '{"towel","cloth","fabric"}', '0.7', 'https://cdn.snaprep.com/icons/towel.svg', null, '15', 'true', '2025-11-19 10:00:55.107804+00', '2025-11-19 10:00:55.107804+00'), ('cuid_equipment_tree', 'tree', '树木', 'OUTDOOR', 'true', '{"tree","trunk","branch"}', '0.9', 'https://cdn.snaprep.com/icons/tree.svg', 'https://cdn.snaprep.com/images/tree.jpg', '18', 'true', '2025-11-19 10:00:55.107804+00', '2025-11-19 10:00:55.107804+00'), ('cuid_equipment_umbrella', 'umbrella', '雨伞', 'STICK', 'true', '{"umbrella","parasol"}', '0.85', 'https://cdn.snaprep.com/icons/umbrella.svg', null, '16', 'true', '2025-11-19 10:00:55.107804+00', '2025-11-19 10:00:55.107804+00'), ('cuid_equipment_wall', 'wall', '墙面', 'WALL', 'true', '{"wall","partition","surface"}', '0.9', 'https://cdn.snaprep.com/icons/wall.svg', 'https://cdn.snaprep.com/images/wall.jpg', '6', 'true', '2025-11-19 10:00:55.107804+00', '2025-11-19 10:00:55.107804+00'), ('cuid_equipment_water_bottle', 'water_bottle', '水瓶', 'BOTTLE', 'true', '{"bottle","water bottle","drink bottle"}', '0.85', 'https://cdn.snaprep.com/icons/water_bottle.svg', 'https://cdn.snaprep.com/images/water_bottle.jpg', '8', 'true', '2025-11-19 10:00:55.107804+00', '2025-11-19 10:00:55.107804+00'), ('cuid_equipment_wine_bottle', 'wine_bottle', '酒瓶', 'BOTTLE', 'true', '{"wine bottle","glass bottle"}', '0.75', 'https://cdn.snaprep.com/icons/wine_bottle.svg', null, '9', 'true', '2025-11-19 10:00:55.107804+00', '2025-11-19 10:00:55.107804+00');


INSERT INTO "public"."exercises" ("id", "code", "name", "primary_muscle", "secondary_muscles", "intent_type", "difficulty", "description", "default_duration", "default_sets", "duration_type", "demo_image_url", "demo_video_url", "tags", "is_active", "created_at", "updated_at") VALUES ('cuid_exercise_backpack_deadlift', 'backpack_deadlift', 'Backpack Deadlift', 'BACK', '{"LEGS","GLUTES"}', 'STRENGTH', 'BLUE', '{"steps": ["Stand holding a backpack", "Hinge and lower with hips back", "Lift by driving through hips and back"], "warnings": ["Avoid if you have a herniated disc"], "keyPoints": ["Keep your back neutral", "Hinge hips back", "Maintain balance"]}', '30', '3', 'REPS', 'https://cdn.snaprep.com/demos/backpack_deadlift.jpg', null, '{"backpack","strength","back"}', 'true', '2025-11-22 10:27:21.967324+00', '2025-11-22 10:27:21.967324+00'), ('cuid_exercise_bottle_bicep_curl', 'bottle_bicep_curl', 'Bottle Bicep Curl', 'ARMS', '{}', 'STRENGTH', 'GREEN', '{"steps": ["Hold bottles in both hands", "Curl up by bending elbows", "Lower slowly to start"], "warnings": ["Choose a comfortable weight"], "keyPoints": ["Keep elbows close to your body", "Control the weight", "Squeeze at the top"]}', '30', '3', 'REPS', 'https://cdn.snaprep.com/demos/bottle_curl.jpg', null, '{"bottle","strength","arms"}', 'true', '2025-11-22 10:27:21.967324+00', '2025-11-22 10:27:21.967324+00'), ('cuid_exercise_bottle_russian_twist', 'bottle_russian_twist', 'Bottle Russian Twist', 'CORE', '{"OBLIQUES"}', 'STRENGTH', 'BLUE', '{"steps": ["Sit holding a bottle", "Lean back slightly", "Rotate left and right"], "warnings": ["Avoid if you have lumbar spine problems"], "keyPoints": ["Keep your back long", "Rotate with control", "Drive the movement from your core"]}', '40', '3', 'REPS', 'https://cdn.snaprep.com/demos/bottle_twist.jpg', null, '{"bottle","strength","core"}', 'true', '2025-11-22 10:27:21.967324+00', '2025-11-22 10:27:21.967324+00'), ('cuid_exercise_bottle_shoulder_press', 'bottle_shoulder_press', 'Bottle Shoulder Press', 'SHOULDERS', '{"ARMS","CORE"}', 'STRENGTH', 'GREEN', '{"steps": ["Hold bottles at shoulder height", "Press overhead", "Lower slowly to start"], "warnings": ["Avoid if you have shoulder injuries"], "keyPoints": ["Brace your core", "Press straight up", "Keep shoulder blades stable"]}', '25', '3', 'REPS', 'https://cdn.snaprep.com/demos/bottle_press.jpg', null, '{"bottle","strength","shoulders"}', 'true', '2025-11-22 10:27:21.967324+00', '2025-11-22 10:27:21.967324+00'), ('cuid_exercise_burpees', 'burpees', 'Burpee', 'FULL_BODY', '{"CHEST","LEGS","ARMS","CORE"}', 'STRENGTH', 'RED', '{"steps": ["Squat down and place hands on the floor", "Jump feet back into a push-up position", "Jump feet forward and explode up"], "warnings": ["Not suitable for people with heart conditions"], "keyPoints": ["Move smoothly and continuously", "Keep breathing rhythmically", "Progress at your own pace"]}', '20', '3', 'REPS', 'https://cdn.snaprep.com/demos/burpees.jpg', 'https://cdn.snaprep.com/videos/burpees.mp4', '{"bodyweight","strength","full_body"}', 'true', '2025-11-22 10:27:21.967324+00', '2025-11-22 10:27:21.967324+00'), ('cuid_exercise_chair_dips', 'chair_dips', 'Chair Triceps Dip', 'ARMS', '{"CHEST","SHOULDERS"}', 'STRENGTH', 'BLUE', '{"steps": ["Sit on the chair edge with hands gripping the seat", "Slide hips off and lower down", "Press back up to start"], "warnings": ["Chair must be stable"], "keyPoints": ["Stay close to the chair", "Elbows track backward", "Control your range of motion"]}', '20', '3', 'REPS', 'https://cdn.snaprep.com/demos/chair_dips.jpg', 'https://cdn.snaprep.com/videos/chair_dips.mp4', '{"chair","strength","arms"}', 'true', '2025-11-22 10:27:21.967324+00', '2025-11-22 10:27:21.967324+00'), ('cuid_exercise_chair_marching', 'chair_marching', 'Seated Marching', 'LEGS', '{"CORE"}', 'MODERATE', 'GREEN', '{"steps": ["Sit firmly on a chair", "Lift one knee then the other", "Maintain a steady rhythm"], "warnings": ["Ensure the chair is stable"], "keyPoints": ["Sit tall with a straight back", "Lift knees alternately", "Keep balance and control"]}', '45', '1', 'TIME', 'https://cdn.snaprep.com/demos/chair_marching.jpg', null, '{"chair","cardio","legs"}', 'true', '2025-11-22 10:27:21.967324+00', '2025-11-22 10:27:21.967324+00'), ('cuid_exercise_chair_spinal_twist', 'chair_spinal_twist', 'Seated Chair Spinal Twist', 'CORE', '{"BACK"}', 'STRETCH', 'GREEN', '{"steps": ["Sit upright on a chair", "Rotate your torso to one side", "Hold and breathe"], "warnings": ["Avoid if you have had lower-back surgery"], "keyPoints": ["Twist gently", "Stay tall while seated", "Breathe through the stretch"]}', '30', '1', 'TIME', 'https://cdn.snaprep.com/demos/chair_twist.jpg', null, '{"chair","stretch","spine"}', 'true', '2025-11-22 10:27:21.967324+00', '2025-11-22 10:27:21.967324+00'), ('cuid_exercise_chair_squat', 'chair_squat', 'Chair Squat', 'LEGS', '{"GLUTES","CORE"}', 'STRENGTH', 'GREEN', '{"steps": ["Stand in front of a chair", "Squat down until you lightly touch the seat", "Stand back up to start"], "warnings": ["Use caution if you have knee discomfort"], "keyPoints": ["Keep knees behind toes", "Maintain an upright back", "Sit hips back"]}', '25', '3', 'REPS', 'https://cdn.snaprep.com/demos/chair_squat.jpg', 'https://cdn.snaprep.com/videos/chair_squat.mp4', '{"chair","strength","legs"}', 'true', '2025-11-22 10:27:21.967324+00', '2025-11-22 10:27:21.967324+00'), ('cuid_exercise_jumping_jacks', 'jumping_jacks', 'Jumping Jack', 'FULL_BODY', '{"LEGS","ARMS"}', 'MODERATE', 'BLUE', '{"steps": ["Stand tall with feet together", "Jump out while raising arms overhead", "Jump back to start"], "warnings": ["Use caution if you have knee problems"], "keyPoints": ["Land softly", "Coordinate arms and legs", "Keep a steady pace"]}', '45', '1', 'TIME', 'https://cdn.snaprep.com/demos/jumping_jacks.jpg', 'https://cdn.snaprep.com/videos/jumping_jacks.mp4', '{"bodyweight","cardio","full_body"}', 'true', '2025-11-22 10:27:21.967324+00', '2025-11-22 10:27:21.967324+00'), ('cuid_exercise_marching_in_place', 'marching_in_place', 'Marching in Place', 'LEGS', '{"CORE"}', 'MODERATE', 'GREEN', '{"steps": ["March in place with alternating knees", "Keep posture upright", "Maintain pace"], "warnings": ["Use caution if you have knee injuries"], "keyPoints": ["Lift knees to a comfortable height", "Keep a steady rhythm", "Swing arms naturally"]}', '60', '1', 'TIME', 'https://cdn.snaprep.com/demos/marching.jpg', null, '{"bodyweight","cardio","legs"}', 'true', '2025-11-22 10:27:21.967324+00', '2025-11-22 10:27:21.967324+00'), ('cuid_exercise_neck_stretch', 'neck_stretch', 'Neck Side Stretch', 'NECK_SHOULDER', '{}', 'RELAX', 'GREEN', '{"steps": ["Tilt your head to one side", "Let the opposite hand reach downward", "Hold the stretch"], "warnings": ["Avoid during acute neck pain flare-ups"], "keyPoints": ["Move gently", "Do not force the stretch", "Keep breathing"]}', '20', '1', 'TIME', 'https://cdn.snaprep.com/demos/neck_stretch.jpg', null, '{"bodyweight","relax","neck"}', 'true', '2025-11-22 10:27:21.967324+00', '2025-11-22 10:27:21.967324+00'), ('cuid_exercise_plank', 'plank', 'Plank', 'CORE', '{"SHOULDERS","ARMS"}', 'STRENGTH', 'BLUE', '{"steps": ["Start like a push-up", "Lower to forearms", "Hold the position"], "warnings": ["Use caution if you have low-back issues"], "keyPoints": ["Keep your body in a straight line", "Avoid dropping hips", "Breathe steadily"]}', '30', '1', 'TIME', 'https://cdn.snaprep.com/demos/plank.jpg', 'https://cdn.snaprep.com/videos/plank.mp4', '{"bodyweight","strength","core"}', 'true', '2025-11-22 10:27:21.967324+00', '2025-11-22 10:27:21.967324+00'), ('cuid_exercise_shoulder_roll', 'shoulder_roll', 'Shoulder Rolls', 'NECK_SHOULDER', '{}', 'RELAX', 'GREEN', '{"steps": ["Roll shoulders backward in a circle", "Feel the tension release", "Repeat smoothly"], "warnings": ["Avoid during acute shoulder inflammation"], "keyPoints": ["Move slowly", "Use a comfortable range", "Relax the muscles"]}', '25', '1', 'TIME', 'https://cdn.snaprep.com/demos/shoulder_roll.jpg', null, '{"bodyweight","relax","shoulders"}', 'true', '2025-11-22 10:27:21.967324+00', '2025-11-22 10:27:21.967324+00'), ('cuid_exercise_sofa_incline_pushup', 'sofa_incline_pushup', 'Sofa Incline Push-Up', 'CHEST', '{"ARMS","CORE"}', 'STRENGTH', 'BLUE', '{"steps": ["Place hands on the edge of the sofa", "Lower your chest toward the sofa", "Push back up to start"], "warnings": ["Make sure the sofa is stable"], "keyPoints": ["Maintain stable hand support", "Keep your body in a straight line", "Control the tempo"]}', '25', '3', 'REPS', 'https://cdn.snaprep.com/demos/sofa_pushup.jpg', null, '{"sofa","strength","chest"}', 'true', '2025-11-22 10:27:21.967324+00', '2025-11-22 10:27:21.967324+00'), ('cuid_exercise_sofa_stepup', 'sofa_stepup', 'Sofa Step-Up', 'GLUTES', '{"LEGS","CORE"}', 'MODERATE', 'BLUE', '{"steps": ["Step one foot onto the sofa", "Stand up by squeezing glutes", "Step down under control"], "warnings": ["Make sure the sofa is stable"], "keyPoints": ["Drive through glutes", "Keep core stable", "Control the tempo"]}', '35', '3', 'REPS', 'https://cdn.snaprep.com/demos/sofa_stepup.jpg', null, '{"sofa","cardio","glutes"}', 'true', '2025-11-22 10:27:21.967324+00', '2025-11-22 10:27:21.967324+00'), ('cuid_exercise_stairs_stepup', 'stairs_stepup', 'Stair Step-Up', 'LEGS', '{"GLUTES","CORE"}', 'MODERATE', 'BLUE', '{"steps": ["Step one foot onto the stair", "Bring the other foot up to stand tall", "Step down under control"], "warnings": ["Use a stable and safe step"], "keyPoints": ["Step with your whole foot", "Keep core engaged and steady", "Control the descent"]}', '40', '3', 'REPS', 'https://cdn.snaprep.com/demos/stairs_stepup.jpg', null, '{"stairs","cardio","legs"}', 'true', '2025-11-22 10:27:21.967324+00', '2025-11-22 10:27:21.967324+00'), ('cuid_exercise_standard_pushup', 'standard_pushup', 'Standard Push-Up', 'CHEST', '{"ARMS","CORE"}', 'STRENGTH', 'BLUE', '{"steps": ["Start in a push-up position", "Lower your body under control", "Push back up to start"], "warnings": ["Avoid sagging hips or arching your back"], "keyPoints": ["Keep your body straight", "Lower until your chest is close to the floor", "Engage your core"]}', '20', '3', 'REPS', 'https://cdn.snaprep.com/demos/standard_pushup.jpg', 'https://cdn.snaprep.com/videos/standard_pushup.mp4', '{"bodyweight","strength","chest"}', 'true', '2025-11-22 10:27:21.967324+00', '2025-11-22 10:27:21.967324+00'), ('cuid_exercise_towel_overhead_stretch', 'towel_overhead_stretch', 'Towel Overhead Stretch', 'SHOULDERS', '{"BACK"}', 'STRETCH', 'GREEN', '{"steps": ["Hold a towel with both hands", "Lift overhead and gently pull back", "Hold the stretch"], "warnings": ["Avoid if you have rotator cuff injuries"], "keyPoints": ["Keep the towel taut", "Relax shoulders", "Control the range"]}', '20', '1', 'TIME', 'https://cdn.snaprep.com/demos/towel_stretch.jpg', null, '{"towel","stretch","shoulders"}', 'true', '2025-11-22 10:27:21.967324+00', '2025-11-22 10:27:21.967324+00'), ('cuid_exercise_wall_chest_stretch', 'wall_chest_stretch', 'Wall Chest Stretch', 'CHEST', '{"SHOULDERS"}', 'STRETCH', 'GREEN', '{"steps": ["Place your arm against the wall", "Lean your body forward", "Feel the chest stretch"], "warnings": ["Avoid if you have a history of shoulder dislocation"], "keyPoints": ["Depress the shoulder blades", "Open the chest", "Keep the stretch moderate"]}', '25', '1', 'TIME', 'https://cdn.snaprep.com/demos/wall_chest_stretch.jpg', null, '{"wall","stretch","chest"}', 'true', '2025-11-22 10:27:21.967324+00', '2025-11-22 10:27:21.967324+00'), ('cuid_exercise_wall_handstand_prep', 'wall_handstand_prep', 'Wall Handstand Prep', 'SHOULDERS', '{"CORE","ARMS"}', 'STRENGTH', 'RED', '{"steps": ["Set up facing the wall", "Walk feet up the wall into an inverted position", "Hold steady with control"], "warnings": ["Not suitable for high blood pressure; use a spotter"], "keyPoints": ["Progress gradually", "Keep breathing", "Control your balance"]}', '15', '1', 'TIME', 'https://cdn.snaprep.com/demos/wall_handstand.jpg', 'https://cdn.snaprep.com/videos/wall_handstand.mp4', '{"wall","strength","shoulders"}', 'true', '2025-11-22 10:27:21.967324+00', '2025-11-22 10:27:21.967324+00'), ('cuid_exercise_wall_pushup', 'wall_pushup', 'Wall Push-Up', 'CHEST', '{"ARMS","CORE"}', 'STRENGTH', 'GREEN', '{"steps": ["Stand facing the wall with arms extended", "Place palms on the wall and push", "Slowly return to start"], "warnings": ["Avoid over-bending your wrists"], "keyPoints": ["Keep your body in a straight line", "Control the pushing speed", "Breathe with the movement"]}', '30', '3', 'REPS', 'https://cdn.snaprep.com/demos/wall_pushup.jpg', 'https://cdn.snaprep.com/videos/wall_pushup.mp4', '{"wall","strength","chest"}', 'true', '2025-11-22 10:27:21.967324+00', '2025-11-22 10:27:21.967324+00'), ('cuid_exercise_wall_squat', 'wall_squat', 'Wall Sit', 'LEGS', '{"GLUTES","CORE"}', 'STRENGTH', 'BLUE', '{"steps": ["Stand with your back against the wall", "Slide down to about 90 degrees at the knees", "Hold the position"], "warnings": ["Avoid if you have knee joint issues"], "keyPoints": ["Keep your back flat against the wall", "Thighs parallel to the floor", "Knees stable over feet"]}', '30', '1', 'TIME', 'https://cdn.snaprep.com/demos/wall_squat.jpg', null, '{"wall","strength","legs"}', 'true', '2025-11-22 10:27:21.967324+00', '2025-11-22 10:27:21.967324+00');


INSERT INTO "public"."users" ("id", "email", "name", "avatar_url", "total_workouts", "total_duration_sec", "current_streak", "longest_streak", "preferred_intents", "preferred_difficulty", "preferred_duration", "avoid_equipment", "streak_reminder", "theme_week_reminder", "quiet_hours_start", "quiet_hours_end", "hide_real_photos", "auto_blur_faces", "allow_data_sync", "language", "theme", "created_at", "updated_at", "password", "subscription_tier", "subscription_status", "premium_expires_at", "free_trial_used", "trial_started_at") VALUES ('550e8400-e29b-41d4-a716-446655440003', 'alice@example.com', 'Alice', 'https://cdn.snaprep.com/avatars/alice.jpg', '8', '960', '3', '8', '{"RELAX","STRETCH"}', 'GREEN', '45', '{}', 'true', 'false', null, null, 'true', 'true', 'false', 'zh', 'auto', '2025-11-10 08:47:49.847694+00', '2025-11-10 08:47:49.847694+00', '$2b$10$f11efScj3/YKYZQuXxW9BuPrb6g/uvmHPKqSOok5RS7QYv2PDVk9m', 'FREE', 'ACTIVE', null, 'false', null), ('550e8400-e29b-41d4-a716-446655440004', 'bob@example.com', 'Bob', 'https://cdn.snaprep.com/avatars/bob.jpg', '12', '1440', '5', '9', '{"STRENGTH","MODERATE"}', 'BLUE', '90', '{"tree"}', 'false', 'true', null, null, 'true', 'true', 'false', 'zh', 'auto', '2025-11-10 08:47:49.847694+00', '2025-11-10 08:47:49.847694+00', '$2b$10$f11efScj3/YKYZQuXxW9BuPrb6g/uvmHPKqSOok5RS7QYv2PDVk9m', 'FREE', 'ACTIVE', null, 'false', null), ('550e8400-e29b-41d4-a716-446655440005', 'charlie@example.com', 'Charlie', null, '3', '360', '1', '3', '{"MODERATE"}', 'GREEN', '60', '{}', 'true', 'true', null, null, 'true', 'true', 'false', 'zh', 'auto', '2025-11-10 08:47:49.847694+00', '2025-11-10 08:47:49.847694+00', '$2b$10$f11efScj3/YKYZQuXxW9BuPrb6g/uvmHPKqSOok5RS7QYv2PDVk9m', 'FREE', 'ACTIVE', null, 'false', null), ('550e8400-e29b-41d4-a716-446655440006', 'anon1@temp.snaprep.com', '游客1', null, '5', '600', '2', '2', '{"RELAX"}', 'GREEN', '30', '{}', 'false', 'false', null, null, 'true', 'true', 'false', 'zh', 'auto', '2025-11-10 08:47:49.847694+00', '2025-11-10 08:47:49.847694+00', '', 'FREE', 'ACTIVE', null, 'false', null), ('550e8400-e29b-41d4-a716-446655440007', 'anon2@temp.snaprep.com', '游客2', null, '1', '120', '0', '0', '{}', null, null, '{}', 'false', 'false', null, null, 'true', 'true', 'false', 'zh', 'auto', '2025-11-10 08:47:49.847694+00', '2025-11-10 08:47:49.847694+00', '', 'FREE', 'ACTIVE', null, 'false', null), ('550e8400-e29b-41d4-a716-446655440008', 'premium@example.com', '高级用户', 'https://cdn.snaprep.com/avatars/premium.jpg', '45', '5400', '21', '30', '{"STRENGTH","MODERATE"}', 'BLUE', '120', '{}', 'true', 'true', null, null, 'true', 'true', 'false', 'zh', 'auto', '2025-11-10 08:47:49.847694+00', '2025-11-10 08:47:49.847694+00', '$2b$10$f11efScj3/YKYZQuXxW9BuPrb6g/uvmHPKqSOok5RS7QYv2PDVk9m', 'FREE', 'ACTIVE', null, 'false', null), ('550e8400-e29b-41d4-a716-446655440009', 'newbie@example.com', '新手', null, '0', '0', '0', '0', '{}', null, null, '{}', 'true', 'true', null, null, 'true', 'true', 'false', 'zh', 'auto', '2025-11-10 08:47:49.847694+00', '2025-11-10 08:47:49.847694+00', '$2b$10$f11efScj3/YKYZQuXxW9BuPrb6g/uvmHPKqSOok5RS7QYv2PDVk9m', 'FREE', 'ACTIVE', null, 'false', null), ('e0fa32d6-f663-4aef-99a5-c8d5c0a0ab0a', 'forwardfish1309001@163.com', 'lin', null, '0', '0', '0', '0', '{}', null, null, '{}', 'true', 'true', null, null, 'true', 'true', 'false', 'zh', 'auto', '2025-11-24 08:11:12.201+00', '2025-11-24 08:11:12.201+00', null, 'FREE', 'ACTIVE', null, 'false', null), ('ecac45ff-1c2c-4937-bb67-ac7f0b0d2cab', 'admin@snaprep.com', 'SnapRep管理员', 'https://cdn.snaprep.com/avatars/admin.jpg', '0', '0', '0', '0', '{}', null, null, '{}', 'true', 'true', null, null, 'true', 'true', 'false', 'zh', 'auto', '2025-11-10 09:48:45.043358+00', '2025-11-10 09:53:27.829318+00', null, 'FREE', 'ACTIVE', null, 'false', null);

INSERT INTO "public"."exercise_equipment" ("exercise_id", "equipment_id", "is_required", "created_at") VALUES ('cuid_exercise_backpack_deadlift', 'cuid_equipment_backpack', 'true', '2025-11-24 13:44:41.210592+00'), ('cuid_exercise_bottle_bicep_curl', 'cuid_equipment_water_bottle', 'true', '2025-11-24 13:44:41.210592+00'), ('cuid_exercise_bottle_russian_twist', 'cuid_equipment_water_bottle', 'true', '2025-11-24 13:44:41.210592+00'), ('cuid_exercise_bottle_shoulder_press', 'cuid_equipment_water_bottle', 'true', '2025-11-24 13:44:41.210592+00'), ('cuid_exercise_burpees', 'cuid_equipment_none', 'true', '2025-11-24 13:44:41.210592+00'), ('cuid_exercise_chair_dips', 'cuid_equipment_chair', 'true', '2025-11-24 13:44:41.210592+00'), ('cuid_exercise_chair_marching', 'cuid_equipment_chair', 'true', '2025-11-24 13:44:41.210592+00'), ('cuid_exercise_chair_spinal_twist', 'cuid_equipment_chair', 'true', '2025-11-24 13:44:41.210592+00'), ('cuid_exercise_chair_squat', 'cuid_equipment_chair', 'true', '2025-11-24 13:44:41.210592+00'), ('cuid_exercise_jumping_jacks', 'cuid_equipment_none', 'true', '2025-11-24 13:44:41.210592+00'), ('cuid_exercise_marching_in_place', 'cuid_equipment_none', 'true', '2025-11-24 13:44:41.210592+00'), ('cuid_exercise_neck_stretch', 'cuid_equipment_none', 'true', '2025-11-24 13:44:41.210592+00'), ('cuid_exercise_plank', 'cuid_equipment_none', 'true', '2025-11-24 13:44:41.210592+00'), ('cuid_exercise_shoulder_roll', 'cuid_equipment_none', 'true', '2025-11-24 13:44:41.210592+00'), ('cuid_exercise_sofa_incline_pushup', 'cuid_equipment_sofa', 'true', '2025-11-24 13:44:41.210592+00'), ('cuid_exercise_sofa_stepup', 'cuid_equipment_sofa', 'true', '2025-11-24 13:44:41.210592+00'), ('cuid_exercise_stairs_stepup', 'cuid_equipment_stairs', 'true', '2025-11-24 13:44:41.210592+00'), ('cuid_exercise_standard_pushup', 'cuid_equipment_none', 'true', '2025-11-24 13:44:41.210592+00'), ('cuid_exercise_towel_overhead_stretch', 'cuid_equipment_towel', 'true', '2025-11-24 13:44:41.210592+00'), ('cuid_exercise_wall_chest_stretch', 'cuid_equipment_wall', 'true', '2025-11-24 13:44:41.210592+00'), ('cuid_exercise_wall_handstand_prep', 'cuid_equipment_wall', 'true', '2025-11-24 13:44:41.210592+00'), ('cuid_exercise_wall_pushup', 'cuid_equipment_wall', 'true', '2025-11-24 13:44:41.210592+00'), ('cuid_exercise_wall_squat', 'cuid_equipment_wall', 'true', '2025-11-24 13:44:41.210592+00');

INSERT INTO "public"."exercise_scenarios" ("exercise_id", "scenario_id", "created_at") VALUES ('cuid_exercise_backpack_deadlift', 'cuid_scenario_gym', '2025-11-24 13:44:41.210592+00'), ('cuid_exercise_bottle_bicep_curl', 'cuid_scenario_gym', '2025-11-24 13:44:41.210592+00'), ('cuid_exercise_bottle_russian_twist', 'cuid_scenario_gym', '2025-11-24 13:44:41.210592+00'), ('cuid_exercise_bottle_shoulder_press', 'cuid_scenario_gym', '2025-11-24 13:44:41.210592+00'), ('cuid_exercise_burpees', 'cuid_scenario_gym', '2025-11-24 13:44:41.210592+00'), ('cuid_exercise_burpees', 'cuid_scenario_park', '2025-11-24 13:44:41.210592+00'), ('cuid_exercise_chair_dips', 'cuid_scenario_office', '2025-11-24 13:44:41.210592+00'), ('cuid_exercise_chair_marching', 'cuid_scenario_office', '2025-11-24 13:44:41.210592+00'), ('cuid_exercise_chair_spinal_twist', 'cuid_scenario_office', '2025-11-24 13:44:41.210592+00'), ('cuid_exercise_chair_squat', 'cuid_scenario_home', '2025-11-24 13:44:41.210592+00'), ('cuid_exercise_chair_squat', 'cuid_scenario_hotel', '2025-11-24 13:44:41.210592+00'), ('cuid_exercise_chair_squat', 'cuid_scenario_office', '2025-11-24 13:44:41.210592+00'), ('cuid_exercise_jumping_jacks', 'cuid_scenario_home', '2025-11-24 13:44:41.210592+00'), ('cuid_exercise_jumping_jacks', 'cuid_scenario_park', '2025-11-24 13:44:41.210592+00'), ('cuid_exercise_marching_in_place', 'cuid_scenario_park', '2025-11-24 13:44:41.210592+00'), ('cuid_exercise_neck_stretch', 'cuid_scenario_hotel', '2025-11-24 13:44:41.210592+00'), ('cuid_exercise_neck_stretch', 'cuid_scenario_office', '2025-11-24 13:44:41.210592+00'), ('cuid_exercise_plank', 'cuid_scenario_gym', '2025-11-24 13:44:41.210592+00'), ('cuid_exercise_plank', 'cuid_scenario_home', '2025-11-24 13:44:41.210592+00'), ('cuid_exercise_plank', 'cuid_scenario_hotel', '2025-11-24 13:44:41.210592+00'), ('cuid_exercise_plank', 'cuid_scenario_park', '2025-11-24 13:44:41.210592+00'), ('cuid_exercise_shoulder_roll', 'cuid_scenario_hotel', '2025-11-24 13:44:41.210592+00'), ('cuid_exercise_shoulder_roll', 'cuid_scenario_office', '2025-11-24 13:44:41.210592+00'), ('cuid_exercise_sofa_incline_pushup', 'cuid_scenario_home', '2025-11-24 13:44:41.210592+00'), ('cuid_exercise_sofa_stepup', 'cuid_scenario_home', '2025-11-24 13:44:41.210592+00'), ('cuid_exercise_stairs_stepup', 'cuid_scenario_home', '2025-11-24 13:44:41.210592+00'), ('cuid_exercise_stairs_stepup', 'cuid_scenario_park', '2025-11-24 13:44:41.210592+00'), ('cuid_exercise_standard_pushup', 'cuid_scenario_gym', '2025-11-24 13:44:41.210592+00'), ('cuid_exercise_standard_pushup', 'cuid_scenario_home', '2025-11-24 13:44:41.210592+00'), ('cuid_exercise_standard_pushup', 'cuid_scenario_park', '2025-11-24 13:44:41.210592+00'), ('cuid_exercise_towel_overhead_stretch', 'cuid_scenario_home', '2025-11-24 13:44:41.210592+00'), ('cuid_exercise_towel_overhead_stretch', 'cuid_scenario_hotel', '2025-11-24 13:44:41.210592+00'), ('cuid_exercise_wall_chest_stretch', 'cuid_scenario_hotel', '2025-11-24 13:44:41.210592+00'), ('cuid_exercise_wall_chest_stretch', 'cuid_scenario_office', '2025-11-24 13:44:41.210592+00'), ('cuid_exercise_wall_handstand_prep', 'cuid_scenario_gym', '2025-11-24 13:44:41.210592+00'), ('cuid_exercise_wall_pushup', 'cuid_scenario_gym', '2025-11-24 13:44:41.210592+00'), ('cuid_exercise_wall_pushup', 'cuid_scenario_home', '2025-11-24 13:44:41.210592+00'), ('cuid_exercise_wall_pushup', 'cuid_scenario_hotel', '2025-11-24 13:44:41.210592+00'), ('cuid_exercise_wall_pushup', 'cuid_scenario_office', '2025-11-24 13:44:41.210592+00'), ('cuid_exercise_wall_squat', 'cuid_scenario_home', '2025-11-24 13:44:41.210592+00'), ('cuid_exercise_wall_squat', 'cuid_scenario_hotel', '2025-11-24 13:44:41.210592+00'), ('cuid_exercise_wall_squat', 'cuid_scenario_office', '2025-11-24 13:44:41.210592+00');
